question,answer,contexts,ground_truths
What is the main focus of the paper 'A Survey on Retrieval-Augmented Text Generation'?," The main focus of the paper 'A Survey on Retrieval-Augmented Text Generation' is to conduct a comprehensive survey of recent approaches for retrieval-augmented text generation. The paper reviews and summarizes the development of different components of retrieval-augmented text generation, including the retrieval component, the augmentation component, and the generation component.","['paper aims to conduct a survey about retrieval-\naugmented text generation. It ﬁrstly highlights\nthe generic paradigm of retrieval-augmented\ngeneration, and then it reviews notable ap-'
 'In this paper, we surveyed recent approaches for\nretrieval-augmented text generation. We reviewed\nand summarized the development of different com-\nponents of retrieval-augmented text generation in-'
 'In this section, we ﬁrst give a general formulation\nof retrieval-augmented text generation. Then, we\ndiscuss three major components of the retrieval-\naugmented generation paradigm, including the re-']","[""The main focus of the paper 'A Survey on Retrieval-Augmented Text Generation' is to conduct a survey about retrieval-augmented text generation. It highlights the generic paradigm of retrieval-augmented generation and reviews notable approaches according to different tasks including dialogue response generation, machine translation, and other generation tasks. The paper also points out some important directions on top of recent methods to facilitate future research.""]"
What is the main focus of the paper 'A Survey on Retrieval-Augmented Text Generation'?," The main focus of the paper 'A Survey on Retrieval-Augmented Text Generation' is to conduct a comprehensive survey of recent approaches for retrieval-augmented text generation. The paper reviews and summarizes the development of different components of retrieval-augmented text generation, including the retrieval component, the augmentation component, and the generation component.","['paper aims to conduct a survey about retrieval-\naugmented text generation. It ﬁrstly highlights\nthe generic paradigm of retrieval-augmented\ngeneration, and then it reviews notable ap-'
 'In this paper, we surveyed recent approaches for\nretrieval-augmented text generation. We reviewed\nand summarized the development of different com-\nponents of retrieval-augmented text generation in-'
 'In this section, we ﬁrst give a general formulation\nof retrieval-augmented text generation. Then, we\ndiscuss three major components of the retrieval-\naugmented generation paradigm, including the re-']","[""The main focus of the paper 'A Survey on Retrieval-Augmented Text Generation' is to conduct a survey about retrieval-augmented text generation. It highlights the generic paradigm of retrieval-augmented generation and reviews notable approaches according to different tasks including dialogue response generation, machine translation, and other generation tasks. The paper also points out some important directions on top of recent methods to facilitate future research.""]"
What is the main focus of the paper 'A Survey on Retrieval-Augmented Text Generation'?," The main focus of the paper 'A Survey on Retrieval-Augmented Text Generation' is to conduct a comprehensive survey of recent approaches for retrieval-augmented text generation. The paper reviews and summarizes the development of different components of retrieval-augmented text generation, including the retrieval component, the augmentation component, and the generation component.","['paper aims to conduct a survey about retrieval-\naugmented text generation. It ﬁrstly highlights\nthe generic paradigm of retrieval-augmented\ngeneration, and then it reviews notable ap-'
 'In this paper, we surveyed recent approaches for\nretrieval-augmented text generation. We reviewed\nand summarized the development of different com-\nponents of retrieval-augmented text generation in-'
 'In this section, we ﬁrst give a general formulation\nof retrieval-augmented text generation. Then, we\ndiscuss three major components of the retrieval-\naugmented generation paradigm, including the re-']","[""The main focus of the paper 'A Survey on Retrieval-Augmented Text Generation' is to conduct a survey about retrieval-augmented text generation. It highlights the generic paradigm of retrieval-augmented generation and reviews notable approaches according to different tasks including dialogue response generation, machine translation, and other generation tasks. The paper also points out some important directions on top of recent methods to facilitate future research.""]"
What is the main focus of this paper?," Based on the provided context, the main focus of this paper appears to be the development and evaluation of a language model for text classification tasks, specifically in the context of biomedical and scientific texts. The authors present their approach, called BEIR (Biomedical and Scientific Text Classification), which leverages a combination of pre-trained language models and domain-specific features to achieve state-of-the-art performance on several benchmark datasets. They also provide a detailed analysis of their results and discuss potential applications of their approach in various fields.","['the ethical attitude of the authors.\nReferences\nPayal Bajaj, Daniel Campos, Nick Craswell, Li Deng,\nJianfeng Gao, Xiaodong Liu, Rangan Majumder,\nAndrew McNamara, Bhaskar Mitra, Tri Nguyen,'
 'in BEIR (Thakur et al., 2021b) benchmark, which in-\nclude including biomedical, scientiﬁc and ﬁnancial texts.\nMore details can be found in Appendix A.1. The evalu-'
 '2All work is arXived within a week of this preprint.\n3In this paper, we treat one sentence as a segment in our experiments, but our framework is applicable to any\nsegment unit (i.e., sub-sentence).\n3']","['The main focus of this paper is to conduct a survey about retrieval-augmented text generation. It highlights the generic paradigm of retrieval-augmented generation and reviews notable approaches according to different tasks including dialogue response generation, machine translation, and other generation tasks. The paper also points out some important directions on top of recent methods to facilitate future research.']"
What is the main focus of the paper 'A Survey on Retrieval-Augmented Text Generation'?," The main focus of the paper 'A Survey on Retrieval-Augmented Text Generation' is to conduct a comprehensive survey of recent approaches for retrieval-augmented text generation. The paper reviews and summarizes the development of different components of retrieval-augmented text generation, including the retrieval component, the augmentation component, and the generation component.","['paper aims to conduct a survey about retrieval-\naugmented text generation. It ﬁrstly highlights\nthe generic paradigm of retrieval-augmented\ngeneration, and then it reviews notable ap-'
 'In this paper, we surveyed recent approaches for\nretrieval-augmented text generation. We reviewed\nand summarized the development of different com-\nponents of retrieval-augmented text generation in-'
 'In this section, we ﬁrst give a general formulation\nof retrieval-augmented text generation. Then, we\ndiscuss three major components of the retrieval-\naugmented generation paradigm, including the re-']","[""The main focus of the paper 'A Survey on Retrieval-Augmented Text Generation' is to conduct a survey about retrieval-augmented text generation. It highlights the generic paradigm of retrieval-augmented generation and reviews notable approaches according to different tasks including dialogue response generation, machine translation, and other generation tasks. The paper also points out some important directions on top of recent methods to facilitate future research.""]"
